title,body,image,tags,paragraphs
"5 Best Ways To Sell TECHO","blog1.html","blog1.png",News,"block_quote2,paragraph_with_body,paragraph_with_image,paragraph_with_body,paragraph_with_image2,paragraph_with_body,block_quote,attachment"
"How To Sell TECHO","blog1.html","blog1.png",Events,"block_quote2,paragraph_with_body,paragraph_with_image,paragraph_with_body,paragraph_with_image2,paragraph_with_body,block_quote,attachment"
"Winning Tactics For MAINLAND","blog1.html","blog1.png",Features,"block_quote2,paragraph_with_body,paragraph_with_image,paragraph_with_body,paragraph_with_image2,paragraph_with_body,block_quote,attachment"
"Don't Be Fooled By COMPANY","blog1.html","blog1.png",News,"block_quote2,paragraph_with_body,paragraph_with_image,paragraph_with_body,paragraph_with_image2,paragraph_with_body,block_quote,attachment"
"10 Funny COMPANY Quotes","blog1.html","blog1.png",News,"block_quote2,paragraph_with_body,paragraph_with_image,paragraph_with_body,paragraph_with_image2,paragraph_with_body,block_quote,attachment"
"Winning Tactics For COMPANY","blog1.html","blog1.png",Events,"block_quote2,paragraph_with_body,paragraph_with_image,paragraph_with_body,paragraph_with_image2,paragraph_with_body,block_quote,attachment"
"Where Is The Best COMPANY?","blog1.html","blog1.png",Features,"block_quote2,paragraph_with_body,paragraph_with_image,paragraph_with_body,paragraph_with_image2,paragraph_with_body,block_quote,attachment"
"Top 10 Tips With COMPANY","blog1.html","blog1.png",News,"block_quote2,paragraph_with_body,paragraph_with_image,paragraph_with_body,paragraph_with_image2,paragraph_with_body,block_quote,attachment"
"The COMPANY Mystery Revealed","blog1.html","blog1.png",News,"block_quote2,paragraph_with_body,paragraph_with_image,paragraph_with_body,paragraph_with_image2,paragraph_with_body,block_quote,attachment"
"Why COMPANY Succeeds","blog1.html","blog1.png",Events,"block_quote2,paragraph_with_body,paragraph_with_image,paragraph_with_body,paragraph_with_image2,paragraph_with_body,block_quote,attachment"
